sim,sampler,mcmc_iter,tau_current,running_tau,total_distance,accepted_count,accepted_rate,changed_count,changed_iteration_count,changed_iteration_rate,changed_recipient_rate
1,mcmc,5,0.7981970976074241,0.7689806894240832,30.947856899773818,3.0,0.6,,,,
1,mcmc,10,0.7744472649589904,0.7812139102509104,29.1854171386646,4.0,0.4,,,,
1,mcmc,15,0.7744472649589904,0.7789583618202703,29.1854171386646,4.0,0.26666666666666666,,,,
1,mcmc,20,0.7881919774298801,0.7792050588520393,29.136571269157912,5.0,0.25,,,,
1,gibbs,5,0.940823927925996,0.8930484009016684,59.44599170024883,,,144.0,5.0,1.0,0.96
1,gibbs,10,0.9827352679069026,0.9107834646896256,56.76310127247553,,,283.0,10.0,1.0,0.9433333333333334
1,gibbs,15,0.9165649102902017,0.8771221937298113,54.9579587081425,,,429.0,15.0,1.0,0.9533333333333334
1,gibbs,20,0.9507465733802002,0.8940127836392158,57.72796925171856,,,571.0,20.0,1.0,0.9516666666666667
